{"cameraMode":{"drawMode":0,"name":"Shaded","section":"Shading Mode"},"sceneLighting":true,"audioPlay":false,"sceneViewState":{"showFog":true,"showMaterialUpdate":false,"showSkybox":true,"showFlares":true,"showImageEffects":true,"showParticleSystems":true},"in2DMode":false,"pivot":{"x":482.3504943847656,"y":-137.2960968017578,"z":571.2028198242188},"rotation":{"x":0.46383026242256167,"y":0.015945084393024446,"z":-0.00834984052926302,"w":0.8857420682907105},"size":49.02227783203125,"orthographic":true}